sql/updates/world/master/sv_2026_09_18_12_world.sql	11993600	ca304a670d8bcc5f7ea7810f7f48d5b237a665a64e7fd48e1af72635557e41bd	parte-01	sv_2026_09_18_12_world.sql
sql/updates/world/master/sv_2026_09_18_15_world.sql	23970348	bf61047abb306159ecdfda3d5c9925d0119889a9c2f718ea7cc7e7fb8a40ab7a	parte-01	sv_2026_09_18_15_world.sql
sql/updates/world/master/sv_2026_09_18_17_world.sql	19936676	233bb007639306c899d0e5b3d91a83014fa98b42a6cd302e18eea8692452c344	parte-01	sv_2026_09_18_17_world.sql
sql/updates/world/master/sv_2026_09_18_19_world.sql	5820104	d2759ea0cc1b147b3826de02e81440b09091265f66f13071f9249ff93156f2b4	parte-01	sv_2026_09_18_19_world.sql
sql/updates/world/master/sv_2026_09_18_21_world.sql	9331277	75a93f1340efc643087adef80423921e6efd5d5865175c4b59a87ea9cd86f799	parte-02	sv_2026_09_18_21_world.sql
sql/updates/world/master/sv_2026_09_18_23_world.sql	10255511	6201545de02c9e095d30efc5ef6808be66dd4ba557b2b7e469e13d44f073c43a	parte-02	sv_2026_09_18_23_world.sql
sql/updates/world/master/sv_2026_09_18_24_world.sql	5699315	6a2d80d965c0026dd085378f10c3b54e4256a153caf2ce84fcb64625c5560786	parte-02	sv_2026_09_18_24_world.sql
sql/updates/world/master/sv_2026_09_18_27_world.sql	35272144	36da1f168d7ffb43284fc90375b52851bf9efad6e9fb065543260ccb2e9d1abb	parte-02	sv_2026_09_18_27_world.sql
sql/updates/world/master/sv_2026_09_18_28_world.sql	7056284	8f4374004103203f2f07ae7199ea0bd2392f4520b8869118ca78833714e6199d	parte-03	sv_2026_09_18_28_world.sql
sql/updates/world/master/sv_2026_09_18_30_world.sql	4677224	8450d7307ed02f5d8a2d1f68c121d5ccc2f11d950cd0818cd4022ca49039f3df	parte-03	sv_2026_09_18_30_world.sql
sql/updates/world/master/sv_2026_09_18_32_world.sql	66448125	bdfa417bd3aab4f9b8b67ac1adea3492cf24ec6c24bb07bbd9043591025b809e	parte-04	sv_2026_09_18_32_world.sql
sql/updates/world/master/sv_2026_09_18_33_world.sql	3786768	88277654c92694e5866c963daa1b4a9a04e19907cace7b4ce4f9a432d0617235	parte-05	sv_2026_09_18_33_world.sql
sql/updates/world/master/sv_2026_09_18_38_world.sql	2108137	cc78a4d64e7426879edb715a6c296e68814fbe0e4df686f6efe4d22a370b465f	parte-05	sv_2026_09_18_38_world.sql
sql/updates/world/master/sv_2026_09_18_46_world.sql	45542618	71bda01c100e575b4567cb8f8458f9f28d85a0750af19e041b87f1034efeee0c	parte-05	sv_2026_09_18_46_world.sql
sql/updates/world/master/sv_2026_09_18_50_world.sql	77571980	659c6e6344baf48a3cb779c2f30f9b6a580e3e69ca940e7748ad0f465f04c11f	parte-06	sv_2026_09_18_50_world.sql
sql/updates/world/master/sv_2026_09_18_51_world.sql	2476170	c09518edfbe31f4d134090b13e5e46a0f25325835033e911be0e6ce9559f9d7d	parte-06	sv_2026_09_18_51_world.sql
